{"cameraMode":{"drawMode":0,"name":"Shaded","section":"Shading Mode"},"sceneLighting":true,"audioPlay":false,"sceneViewState":{"showFog":true,"showMaterialUpdate":false,"showSkybox":true,"showFlares":true,"showImageEffects":true,"showParticleSystems":true},"in2DMode":false,"pivot":{"x":0.15952882170677186,"y":0.05089128017425537,"z":0.02179241180419922},"rotation":{"x":0.0023487273138016464,"y":-0.9686247706413269,"z":0.24849039316177369,"w":0.008961404673755169},"size":0.9205748438835144,"orthographic":false}