{"cameraMode":{"drawMode":0,"name":"Shaded","section":"Shading Mode"},"sceneLighting":true,"audioPlay":false,"sceneViewState":{"showFog":true,"showMaterialUpdate":false,"showSkybox":false,"showFlares":true,"showImageEffects":true,"showParticleSystems":true},"in2DMode":false,"pivot":{"x":0.049423396587371829,"y":0.429999977350235,"z":-0.7351800799369812},"rotation":{"x":0.0023487273138016464,"y":-0.9686247706413269,"z":0.24849039316177369,"w":0.008961404673755169},"size":1.32794189453125,"orthographic":false}