{"cameraMode":{"drawMode":0,"name":"Shaded","section":"Shading Mode"},"sceneLighting":true,"audioPlay":false,"sceneViewState":{"showFog":true,"showMaterialUpdate":false,"showSkybox":true,"showFlares":true,"showImageEffects":true,"showParticleSystems":true},"in2DMode":false,"pivot":{"x":8.15013313293457,"y":4.878796577453613,"z":8.04578685760498},"rotation":{"x":0.32551610469818118,"y":-0.671299934387207,"z":0.4291561245918274,"w":0.509183943271637},"size":3.9535491466522219,"orthographic":false}